CREATE DATABASE footballdb;
CREATE DATABASE users;

USE footballdb;

CREATE TABLE league (
	leagueID tinyint(255) unsigned NOT NULL PRIMARY KEY,
	leagueManager varchar(32) NOT NULL,
	leagueName varchar(32) NOT NULL);
	
INSERT INTO league VALUES
	(111, 'Danny DeVito', 'D League'),
	(222, 'Harrison Ford', 'Indiana Explorer''s League');
	
CREATE TABLE team (
	teamName varchar(32) NOT NULL,
	teamManager varchar(32) NOT NULL,
	teamPoints decimal(6,2) DEFAULT 0,
	teamWins tinyint(255) unsigned DEFAULT 0,
	leagueID tinyint(255) unsigned NOT NULL,
	FOREIGN KEY (leagueID) REFERENCES league (leagueID),
	PRIMARY KEY (teamName, leagueID));
	
INSERT INTO team VALUES
	('Stags', 'Kable Deere', 232.5, 1, 111),
	('Panda Power', 'Sauer Schmidt', 245.2, 2, 111),
	('Chiefs', 'Robert Reg', 343.0, 1, 222),
	('A Kids', 'Thom Yorke', 403.6, 1, 222),
	('Brown Cats', 'B. Rownathan', 392.4, 2, 111),
	('Northern Aurora', 'Bjork', 275.64, 2, 222),
	('Lucky Sevens', 'George Costanza', 777.77, 3, 222),
	('Animals', 'Noah Lennox', 327.4, 2, 222),
	('Thundercats', 'Eric Andre', 311, 1, 222),
	('GEPs', 'J.C. Denton', 354.32, 1, 222),
	('Busy Bees', 'Robin B.', 399.99, 1, 111),
	('Polar Bears', 'Paige Madison', 497.32, 2, 222),
	('Fire House', 'David Byrne', 501.23, 2, 111),
	('Closers', 'Trent Reznor', 554.04, 3, 222),
	('Ecco Dolphins', 'Chuck Person', 422.24, 2, 222),
	('Runaways', 'CRJ', 413.4, 2, 111),
	('D DOGS', 'Jack Iriquois', 684.2, 2, 111),
	('Patriots', 'Hideo Kojima', 432.85, 0, 111),
	('Football Fanatics', 'Isabella', 349, 0, 222);
	

CREATE TABLE player (
	playerName varchar(32) NOT NULL,
	dateOfBirth date NOT NULL,
	teamName varchar(32) DEFAULT NULL,
	position enum('Quarterback', 'Running Back', 'FullBack', 'Offensive Line', 'Wide Receiver', 'Tight End', 'Kicker') NOT NULL,
	playerPoints decimal(6,2) DEFAULT 0,
	leagueID tinyint(255) unsigned NOT NULL,
	freeAgentStatus boolean DEFAULT 1,
	FOREIGN KEY (teamName, leagueID) REFERENCES team (teamName, leagueID),
	FOREIGN KEY (leagueID) REFERENCES league (leagueID),
	PRIMARY KEY (playerName, dateOfBirth, leagueID));
	
INSERT INTO player VALUES
	('Le''Veon Bell', '1992-02-18', 'Stags', 'Running Back', 73, 111,  false),
	('Todd Gurley', '1994-08-03', 'Panda Power', 'Running Back', 73, 111, false),
	('Ezekiel Elliott', '1995-07-22', 'Chiefs', 'Running Back', 71, 222, false),
	('David Johnson',  '1991-12-16', 'A Kids', 'Running Back', 66, 222, false),
	('Antonio Brown', '1988-07-10', 'Brown Cats', 'Wide Receiver', 70, 111, false),
	('Alvin Kamara', '1995-07-25', 'Northern Aurora', 'Running Back', 63, 222, false),
	('Saquon Barkley', '1997-02-07', 'Lucky Sevens', 'Running Back', 63, 222, false),
	('Melvin Gordon', '1993-04-13', 'Animals', 'Running Back', 55, 222, false),
	('Kareem Hunt', '1995-08-06', 'Thundercats', 'Running Back', 58, 222, false),
	('DeAndre Hopkins', '1992-06-06', 'GEPs', 'Wide Receiver', 62, 222, false),
	('Leonard Fournette', '1995-01-18', 'Busy Bees', 'Running Back', 58, 111, false),
	('Odell Beckam', '1992-11-05', 'Polar Bears', 'Wide Receiver', 60, 222, false),
	('Julio Jones', '1989-02-08', 'Fire House', 'Wide Receiver', 54, 111, false),
	('Michael Thomas', '1993-03-03', 'Closers', 'Wide Receiver', 49, 222, false),
	('Dalvin Cook', '1995-08-10', 'Ecco Dolphins', 'Running Back', 51, 222, false),
	('Keenan Allen', '1992-04-27', 'Runaways', 'Wide Receiver', 50, 111, false),
	('LeSean McCoy', '1988-07-12', 'D DOGS', 'Running Back', 47, 111, false),
	('Devonta Freeman', '1992-03-15', 'Patriots', 'Running Back', 39, 111, false),
	('Christian McCaffrey', '1996-07-07', 'Football Fanatics', 'Running Back', 37, 222, false),
	('Rob Gronkowski', '1989-05-14', 'Stags', 'Tight End', 36, 111, false),
	('A.J. Green', '1988-07-31', 'Panda Power', 'Wide Receiver', 43, 111, false),
	('Davanta Adams', '1992-12-24', 'Chiefs', 'Wide Receiver', 41, 222, false),
	('Adam Thielen', '1990-08-22', 'A Kids', 'Wide Receiver', 37, 222, false),
	('Mike Evans', '1993-08-21', 'Brown Cats', 'Wide Receiver', 48, 111, false),
	('Travis Kelce', '1989-10-05', 'Northern Aurora', 'Tight End', 30, 222, false),
	('Larry Fitzgerald', '1983-08-31', 'Lucky Sevens', 'Wide Receiver', 35, 222, false),
	('Tyreek Hill', '1994-03-01', 'Animals', 'Wide Receiver', 36, 222, false),
	('Aaron Rodgers', '1983-12-02', 'Thundercats', 'Quarterback', 27, 222, false),
	('T.Y. Hilton', '1989-11-14', 'GEPs', 'Wide Receiver', 29, 222, false),
	('Jordan Howard', '1994-11-02', 'Busy Bees',  'Running Back', 25, 111, false),
	('Zach Ertz', '1990-11-10', 'Polar Bears', 'Tight End', 21, 222, false),
	('Doug Baldwin', '1988-09-21', 'Fire House', 'Wide Receiver', 25, 111, false),
	('Kenyan Drake', '1994-01-26', 'Closers', 'Running Back', 20, 222, false),
	('Tom Brady', '1977-08-03', 'Ecco Dolphins', 'Quarterback', 21, 222, false),
	('Stefon Diggs', '1993-11-29', 'Runaways', 'Wide Receiver', 7, 111, false),
	('JuJu Smith-Schuster', '1996-11-22', 'D DOGS', 'Wide Receiver', 22, 111, false),
	('Joe Mixon', '1996-07-24', 'Patriots', 'Running Back', 18, 111, false),
	('Demaryius Thomas', '1987-12-25', 'Football Fanatics', 'Wide Receiver', 21, 222, false),
	('Alex Collins', '1994-08-26', 'Stags', 'Running Back', 10, 111, false),
	('Allen Robinson', '1993-08-24', 'Panda Power', 'Wide Receiver', 15, 111, false),
	('Deshaun Watson', '1995-09-14', 'Chiefs', 'Quarterback', 13, 222, false),
	('Derrick Henry', '1994-07-17', 'A Kids', 'Running Back', 15, 222, false),
	('Jay Ajayi', '1993-06-15', 'Brown Cats', 'Running Back', 5, 111, false),
	('Russel Wilson', '1988-11-29', 'Northern Aurora', 'Quarterback', 15, 222, false),
	('Golden Tate', '1988-08-02', 'Lucky Sevens', 'Wide Receiver', 4, 222, false),
	('Greg Olsen', '1985-03-11', 'Animals', 'Tight End', 7, 222, false),
	('Amari Cooper', '1994-07-17', 'Thundercats', 'Wide Receiver', 3, 222, false),
	('Jimmy Graham', '1986-11-24', 'GEPs', 'Tight End', 4, 222, false),
	('Josh Gordon', '1991-04-13', 'Busy Bees', 'Wide Receiver', 4, 111, false),
	('Jarvis Landry', '1992-11-28', 'Polar Bears', 'Wide Receiver', 9, 222, false),
	('Lamar Miller', '1991-04-25', 'Fire House', 'Running Back', 3, 111, false),
	('Evan Engram', '1994-09-02', 'Closers', 'Tight End', 4, 222, false),
	('Mark Ingram', '1989-12-21', 'Ecco Dolphins', 'Running Back', 4, 222, false),
	('Cam Newton', '1989-05-11', 'Runaways', 'Quarterback', 9, 111, false),
	('Royce Freeman', '1996-02-24', 'D DOGS', 'Running Back', 7, 111, false),
	('Delanie Walker', '1984-08-12', 'Patriots', 'Tight End', 2, 111, false),
	('Carson Wentz', '1992-12-30', 'Football Fanatics', 'Quarterback', 4, 222, false),
	('Stephen Gostkowski', '1984-01-28', 'Lucky Sevens', 'Kicker', 4, 222, false),
	('Greg Zuelein', '1987-12-27', 'Thundercats', 'Kicker', 2, 222, false),
	('Justin Tucker', '1989-11-21', 'Patriots', 'Kicker', 2, 111, false),
	('Drew Brees', '1979-01-15', 'Lucky Sevens', 'Quarterback', 3, 222, false),
	('Kyle Rudolph', '1989-11-9', 'Lucky Sevens', 'Tight End', 2, 222, false),
	('Eli Manning', '1981-01-03', 'Lucky Sevens', 'Quarterback', 3, 222, false),
	('Pierre Garcon', '1986-08-07', NULL, 'Wide Receiver', 1, 111, true),
	('Chris Hogan', '1988-10-24', NULL, 'Wide Receiver', 1, 111, true),
	('Jerick McKinnon', '1992-05-03', NULL, 'Running Back', 33, 222, true),
	('Jordan Reed', '1990-07-03', NULL, 'Tight End', 1, 222, true),
	('Matt Bryant', '1975-05-29', NULL, 'Kicker', 1, 111, true),
	('Andrew Luck', '1989-09-12', NULL, 'Quarterback', 2, 222, true),
	('Wil Lutz', '1994-07-07', NULL, 'Kicker', 1, 222, true),
	('Emmanuel Sanders', '1987-03-17', NULL, 'Wide Receiver', 1, 222, true),
	('Robert Woods', '1992-04-10', NULL, 'Wide Receiver', 1, 111, true),
	('Dion Lewis', '1990-09-27', NULL, 'Running Back', 1, 222, true),
	('Chris Boswell', '1991-03-16', NULL, 'Kicker', 1, 111, true);

	
CREATE TABLE game (
	gameID int NOT NULL AUTO_INCREMENT,
	gameDate date NOT NULL,
	winningTeam varchar(32) NOT NULL,
	losingTeam varchar(32) DEFAULT NULL,
	leagueID tinyint(255) unsigned NOT NULL,
	FOREIGN KEY (leagueID) REFERENCES league (leagueID),
	FOREIGN KEY (winningTeam) REFERENCES team (teamName),
	FOREIGN KEY (losingTeam) REFERENCES team (teamName),
	PRIMARY KEY (gameID));

/*
DELIMITER $$
CREATE TRIGGER addWin AFTER INSERT ON game FOR EACH ROW BEGIN UPDATE team SET teamWins = teamWins + 1 WHERE teamName = new.winningTeam; END;$$
DELIMITER ;

You do not have the SUPER privilege and binary logging is enabled (you *might* want 
to use the less safe log_bin_trust_function_creators variable)

DELIMITER $$
CREATE TRIGGER updateWin AFTER UPDATE ON game FOR EACH ROW BEGIN UPDATE team SET teamWins = teamWins - 1 WHERE teamName = new.losingTeam; UPDATE team SET teamWins = teamWins + 1 WHERE teamName = new.winningTeam END;$$
DELIMITER ;

DELIMITER $$
CREATE TRIGGER removeWin AFTER DELETE ON game FOR EACH ROW BEGIN UPDATE team SET teamWins = teamWins - 1 WHERE teamName = old.winningTeam; END;$$
DELIMITER ;

*/

 INSERT INTO game
	(gameDate, winningTeam, losingTeam, leagueID) VALUES 
	('2018-09-23', 'Lucky Sevens', 'Ecco Dolphins', 222),
	('2018-09-23', 'Closers', 'Football Fanatics', 222),
	('2018-09-23', 'GEPs', 'Chiefs', 222),
	('2018-09-23', 'Thundercats', 'Polar Bears', 222),
	('2018-09-23', 'Animals', 'Northern Aurora', 222),
	('2018-09-23', 'A Kids', NULL, 222),
	('2018-09-26', 'Brown Cats', 'D DOGS', 111),
	('2018-09-26', 'Stags', 'Runaways', 111),
	('2018-09-26', 'Panda Power', 'Patriots', 111),
	('2018-09-26', 'Fire House', 'Busy Bees', 111),
	('2018-10-14', 'Lucky Sevens', 'GEPs', 222),
	('2018-10-14', 'Polar Bears', 'Thundercats', 222),
	('2018-10-14', 'Ecco Dolphins', 'A Kids', 222),
	('2018-10-14', 'Northern Aurora', 'Animals', 222),
	('2018-10-14', 'Closers', 'Football Fanatics', 222),
	('2018-10-14', 'Chiefs', NULL, 222),
	('2018-10-17', 'Runaways', 'Fire House', 111),
	('2018-10-17', 'Busy Bees', 'Stags', 111),
	('2018-10-17', 'Panda Power', 'Patriots', 111),
	('2018-10-17', 'D DOGS', 'Brown Cats', 111),
	('2018-11-4', 'Ecco Dolphins', 'GEPs', 222),
	('2018-11-4', 'Northern Aurora', 'Thundercats', 222),
	('2018-11-4', 'Polar Bears', 'A Kids', 222),
	('2018-11-4', 'Closers', 'Chiefs', 222),
	('2018-11-4', 'Animals', 'Football Fanatics', 222),
	('2018-11-4', 'Lucky Sevens', NULL, 222),
	('2018-11-7', 'D DOGS', 'Panda Power', 111),
	('2018-11-7', 'Brown Cats', 'Stags', 111),
	('2018-11-7', 'Fire House', 'Busy Bees', 111),
	('2018-11-7', 'Runaways', 'Patriots', 111);

CREATE TABLE play (
	playID int NOT NULL AUTO_INCREMENT,
	gameID int NOT NULL,
	playerName varchar(32) NOT NULL,
	playType enum('Touchdown', 'Pass', 'Field Goal', 'Catch', 'Run') NOT NULL,
	pointsWorth decimal(6,2) DEFAULT 0,
	FOREIGN KEY (gameID) REFERENCES game (gameID),
	FOREIGN KEY (playerName) REFERENCES player (playerName),
	PRIMARY KEY (playID));
	
INSERT INTO play
	(gameID, playerName, playType, pointsWorth) VALUES
	(1, 'Saquon Barkley', 'Touchdown', 23.23),
	(1, 'Saquon Barkley', 'Catch', 8.37),
	(1, 'Dalvin Cook', 'Catch', 6.73),
	(2, 'Michael Thomas', 'Touchdown', 19.23),
	(2, 'Michael Thomas', 'Catch', 4.32),
	(2, 'Kenyan Drake', 'Run', 5.24),
	(3, 'Deandre Hopkins', 'Touchdown', 15.4),
	(4, 'Kareem Hunt', 'Run', 6.4),
	(4, 'Aaron Rodgers', 'Touchdown', 16.23),
	(4, 'Zach Ertz', 'Catch', 6.3),
	(5, 'Melvin Gordon', 'Run', 7.29),
	(5, 'Tyreek Hill', 'Touchdown', 14.5),
	(5, 'Russel Wilson', 'Pass', 5.84),
	(7, 'Antonio Brown', 'Touchdown', 20.3),
	(7, 'Antonio Brown', 'Catch', 11.1),
	(7, 'Mike Evans', 'Touchdown', 16.3),
	(7, 'LeSean McCoy', 'Run', 7.4),
	(7, 'JuJu Smith-Schuster', 'Catch', 10.2),
	(8, 'Le''Veon Bell', 'Run', 4.23),
	(8, 'Le''Veon Bell', 'Touchdown', 14.5),
	(8, 'Alex Collins', 'Run', 8.3),
	(8, 'Stefon Diggs', 'Catch', 2.4),
	(8, 'Keenan Allen', 'Touchdown', 15.4),
	(9, 'Todd Gurley', 'Touchdown', 21.4),
	(9, 'A.J. Green', 'Run', 9.32),
	(9, 'Justin Tucker', 'Field Goal', 11.2),
	(10, 'Julio Jones', 'Catch', 8.96),
	(10, 'Julio Jones', 'Touchdown', 17.34),
	(10, 'Lamar Miller', 'Run', 4.65),
	(10, 'Leonard Fournette', 'Run', 5.3),
	(10, 'Leonard Fournette', 'Touchdown', 16.37),
	(10, 'Jordan Howard', 'Run', 4.98),
	(11, 'Stephen Gostkowski', 'Field Goal', 7.34),
	(11, 'Stephen Gostkowski', 'Field Goal', 6.87),
	(11, 'Drew Brees', 'Pass', 11.32),
	(11, 'Saquon Barkley', 'Touchdown', 19.38),
	(11, 'T.Y. Hilton', 'Touchdown', 16.54),
	(11, 'Jimmy Graham', 'Catch', 7.43),
	(12, 'Jarvis Landry', 'Run', 5.34),
	(12, 'Odell Beckam', 'Touchdown', 18.55),
	(12, 'Odell Beckam', 'Catch', 7.45),
	(12, 'Greg Zuelein', 'Field Goal', 4.3),
	(13, 'Tom Brady', 'Pass', 6.43),
	(13, 'Tom Brady', 'Touchdown', 22.45),
	(13, 'Mark Ingram', 'Catch', 8.32),
	(13, 'David Johnson', 'Run', 6.3),
	(13, 'Adam Thielen', 'Catch', 5.92),
	(14, 'Alvin Kamara', 'Run', 7.3),
	(14, 'Alvin Kamara', 'Touchdown', 19.34),
	(14, 'Travis Kelce', 'Catch', 5.84),
	(14, 'Greg Olsen', 'Catch', 7.93),
	(14, 'Tyreek Hill', 'Run', 9.44),
	(15, 'Michael Thomas', 'Touchdown', 17.99),
	(15, 'Kenyan Drake', 'Touchdown', 18.37),
	(15, 'Evan Engram', 'Touchdown', 19.22),
	(15, 'Carson Wentz', 'Pass', 1.32),
	(15, 'Carson Wentz', 'Pass', 6.08),
	(15, 'Demaryius Thomas', 'Catch', 6.33),
	(17, 'Keenan Allen', 'Touchdown', 20.22),
	(17, 'Cam Newton', 'Pass', 3.89),
	(17, 'Stefon Diggs', 'Touchdown', 11.11),
	(17, 'Doug Baldwin', 'Touchdown', 12.39),
	(17, 'Lamar Miller', 'Run', 5.05),
	(18, 'Josh Gordon', 'Catch', 6.55),
	(18, 'Jordan Howard', 'Run', 7.74),
	(18, 'Jordan Howard', 'Touchdown', 17.01),
	(18, 'Alex Collins', 'Run', 3.33),
	(18, 'Le''Veon Bell', 'Catch', 8.3),
	(19, 'Allen Robinson', 'Touchdown', 16.98),
	(19, 'Allen Robinson', 'Run', 8.45),
	(19, 'Allen Robinson', 'Catch', 4.55),
	(19, 'Allen Robinson', 'Catch', 7.4),
	(19, 'Todd Gurley', 'Touchdown', 18.34),
	(19, 'Devonta Freeman', 'Touchdown', 14.56),
	(19, 'Joe Mixon', 'Catch', 3.89),
	(19, 'Joe Mixon', 'Catch', 6.64),
	(20, 'Royce Freeman', 'Catch', 5.21),
	(20, 'LeSean McCoy', 'Touchdown', 19.01),
	(20, 'LeSean McCoy', 'Run', 6.80),
	(20, 'Jay Ajayi', 'Run', 5.00),
	(20, 'Mike Evans', 'Catch', 8.1),
	(21, 'Mark Ingram', 'Run', 7.34),
	(21, 'Tom Brady', 'Pass', 7.53),
	(21, 'Tom Brady', 'Pass', 6.81),
	(21, 'Dalvin Cook', 'Touchdown', 18.13),
	(21, 'DeAndre Hopkins', 'Run', 8.09),
	(22, 'Russel Wilson', 'Pass', 4.62),
	(22, 'Travis Kelce', 'Catch', 7.1),
	(22, 'Alvin Kamara', 'Touchdown', 18.62),
	(22, 'Greg Zuelein', 'Field Goal', 4.45),
	(22, 'Kareem Hunt', 'Touchdown', 17.66),
	(23, 'Odell Beckam', 'Touchdown', 19.91),
	(23, 'Odell Beckam', 'Catch', 6.83),
	(23, 'Adam Thielen', 'Touchdown', 15.79),
	(24, 'Kenyan Drake', 'Run', 7.71),
	(24, 'Michael Thomas', 'Touchdown', 13.98),
	(24, 'Michael Thomas', 'Touchdown', 16.93),
	(24, 'Deshaun Watson', 'Pass', 4.98),
	(24, 'Ezekiel Elliott', 'Run', 5.83),
	(24, 'Ezekiel Elliott', 'Catch', 6.38),
	(25, 'Greg Olsen', 'Catch', 3.44),
	(25, 'Melvin Gordon', 'Touchdown', 16.61),
	(25, 'Tyreek Hill', 'Catch', 7),
	(25, 'Christian McCaffrey', 'Touchdown', 15.67),
	(27, 'JuJu Smith-Schuster', 'Touchdown', 17.17),
	(27, 'JuJu Smith-Schuster', 'Catch', 7.1),
	(27, 'Royce Freeman', 'Catch', 6.5),
	(27, 'LeSean McCoy', 'Touchdown', 18.11),
	(27, 'Todd Gurley', 'Touchdown', 16.32),
	(27, 'Allen Robinson', 'Run', 5.89),
	(27, 'Todd Gurley', 'Catch', 7.83),
	(28, 'Antonio Brown', 'Touchdown', 16.77),
	(28, 'Jay Ajayi', 'Run', 6.12),
	(28, 'Mike Evans', 'Catch', 2.76),
	(28, 'Antonio Brown', 'Run', 7.79),
	(28, 'Alex Collins', 'Run', 6.69),
	(28, 'Rob Gronkowski', 'Catch', 8.2),
	(28, 'Le''Veon Bell', 'Run', 7.11),
	(29, 'Doug Baldwin', 'Touchdown', 14.91),
	(29, 'Julio Jones', 'Touchdown', 16.72),
	(29, 'Julio Jones', 'Run', 7.44),
	(29, 'Leonard Fournette', 'Touchdown', 15.58),
	(29, 'Jordan Howard', 'Catch', 6.23),
	(30, 'Stefon Diggs', 'Touchdown', 18.92),
	(30, 'Keenan Allen', 'Catch', 5.87),
	(30, 'Keenan Allen', 'Catch', 7.33),
	(30, 'Keenan Allen', 'Run', 7.72),
	(30, 'Devonta Freeman', 'Touchdown', 17.69),
	(30, 'Joe Mixon', 'Touchdown', 14.98);

	
USE users;

CREATE TABLE users (
	username varchar(32) NOT NULL PRIMARY KEY,
	password varchar(32) NOT NULL,
	authority enum('Team Manager', 'League Manager'));
	

INSERT INTO users VALUES 
	('Danny DeVito', 'football', 'League Manager'),
	('Harrison Ford', 'football', 'League Manager'),
	('Kable Deere', 'football', 'Team Manager'),
	('Sauer Schmidt', 'football', 'Team Manager'),
	('Robert Reg', 'football', 'Team Manager'),
	('Thom Yorke', 'football', 'Team Manager'),
	('B. Rownathan', 'football', 'Team Manager'),
	('Bjork', 'football', 'Team Manager'),
	('George Costanza', 'football', 'Team Manager'),
	('Noah Lennox', 'football', 'Team Manager'),
	('Eric Andre', 'football', 'Team Manager'),
	('J.C. Denton', 'football', 'Team Manager'),
	('Robin B.', 'football', 'Team Manager'),
	('Paige Madison', 'football', 'Team Manager'),
	('David Byrne', 'football', 'Team Manager'),
	('Trent Reznor', 'football', 'Team Manager'),
	('Chuck Person', 'football', 'Team Manager'),
	('CRJ', 'football', 'Team Manager'),
	('Jack Iriquois', 'football', 'Team Manager'),
	('Hideo Kojima', 'football', 'Team Manager'),
	('Isabella', 'football', 'Team Manager');